id,ads_id,device_type,device_id,timestamp
199,natal_campaign,Desktop,80.254.172.75,2009-01-08T23:46:30.000000
5383,imlek_campaign,Desktop,86.201.146.143,2002-06-16T03:06:41.000000
1246,natal_campaign,IOS,201.186.60.102,1977-02-01T03:00:25.000000
4017,natal_campaign,Android,210.147.210.26,1974-11-09T22:34:30.000000
9348,natal_campaign,Android,165.117.158.65,1994-01-02T00:36:58.000000
573,lebaran_campaign,Desktop,17.145.253.162,2008-01-12T17:43:01.000000
3021,natal_campaign,Android,37.214.182.146,1996-12-15T23:45:26.000000
6837,natal_campaign,Android,23.188.190.228,2020-09-14T09:00:34.000000
7525,natal_campaign,Desktop,98.97.11.186,2018-04-17T12:12:04.000000
240,imlek_campaign,Android,207.118.40.145,2005-05-02T03:46:19.000000
8521,lebaran_campaign,IOS,192.238.207.61,1973-09-25T23:55:22.000000
9089,natal_campaign,Android,70.170.122.173,1981-06-25T14:33:00.000000
7218,lebaran_campaign,Desktop,199.24.36.11,1977-05-17T06:30:33.000000
5006,imlek_campaign,Android,195.181.24.44,2007-08-31T22:28:03.000000
9104,imlek_campaign,Android,85.188.42.43,2001-10-04T04:41:01.000000
6331,imlek_campaign,Desktop,167.221.148.215,1998-07-26T14:43:28.000000
7225,imlek_campaign,IOS,31.23.218.247,1995-01-08T16:57:55.000000
5197,imlek_campaign,Android,204.45.209.186,2016-03-09T21:48:07.000000
7590,lebaran_campaign,Android,192.143.31.62,2017-03-01T03:09:44.000000
3531,imlek_campaign,Desktop,222.228.173.39,2009-05-29T06:07:54.000000
4294,lebaran_campaign,IOS,86.108.134.123,2002-07-07T23:14:56.000000
1087,lebaran_campaign,Android,107.75.251.88,2002-08-29T00:16:47.000000
4652,lebaran_campaign,Android,43.250.129.176,2003-10-18T16:25:41.000000
8611,lebaran_campaign,IOS,141.201.126.36,2004-05-26T01:43:09.000000
4628,natal_campaign,Desktop,72.232.190.127,1999-04-14T09:32:40.000000
4728,imlek_campaign,Android,158.122.118.41,1999-09-18T17:58:48.000000
2406,natal_campaign,IOS,105.169.150.93,1992-12-17T05:41:10.000000
7492,imlek_campaign,IOS,122.238.20.99,2022-08-19T04:03:58.000000
3592,lebaran_campaign,IOS,55.39.106.92,2006-09-25T23:46:26.000000
3657,imlek_campaign,IOS,20.155.101.67,2013-07-15T01:44:46.000000
3029,lebaran_campaign,Desktop,117.68.96.119,2006-05-26T12:44:51.000000
7869,imlek_campaign,Android,197.38.7.24,1977-02-06T12:36:51.000000
6902,imlek_campaign,Desktop,16.254.246.216,1980-01-04T04:32:54.000000
3026,imlek_campaign,Android,211.101.248.120,2002-02-02T06:46:09.000000
4941,imlek_campaign,Desktop,91.31.58.117,1990-07-20T12:50:02.000000
8488,imlek_campaign,IOS,26.62.128.253,1996-05-25T13:52:39.000000
6221,imlek_campaign,Android,113.37.47.108,2010-05-31T22:37:57.000000
5823,lebaran_campaign,Desktop,157.53.20.233,1999-03-26T11:22:39.000000
8641,lebaran_campaign,Desktop,125.75.38.168,2000-09-22T10:17:09.000000
335,lebaran_campaign,Android,109.100.46.18,1998-04-09T10:35:56.000000
2136,natal_campaign,IOS,7.96.18.143,2003-09-05T19:18:51.000000
5349,lebaran_campaign,Desktop,154.30.158.56,2018-02-03T20:46:55.000000
7532,imlek_campaign,Desktop,137.19.89.2,2001-04-10T15:16:23.000000
2936,lebaran_campaign,Android,196.244.97.75,1998-10-30T11:40:35.000000
2869,lebaran_campaign,Android,165.133.133.84,2017-12-05T14:03:48.000000
1176,natal_campaign,IOS,159.244.199.140,2008-06-20T18:02:04.000000
7415,imlek_campaign,Android,109.240.207.149,2013-08-02T10:43:14.000000
5117,natal_campaign,Android,157.225.195.102,1976-02-09T20:03:12.000000
4748,natal_campaign,IOS,198.26.29.169,1981-04-05T21:58:28.000000
218,imlek_campaign,IOS,78.49.117.198,1999-11-01T21:53:48.000000
6094,lebaran_campaign,Desktop,49.76.34.142,1990-02-24T17:36:57.000000
443,imlek_campaign,Android,78.85.213.42,2019-04-23T19:31:09.000000
979,lebaran_campaign,IOS,179.244.80.139,2004-11-27T15:14:54.000000
5376,lebaran_campaign,Android,216.204.65.206,2019-04-13T02:22:18.000000
4956,imlek_campaign,Desktop,120.225.253.175,2004-07-14T23:00:00.000000
9400,lebaran_campaign,IOS,79.217.237.4,2015-09-08T07:49:03.000000
7627,imlek_campaign,Android,136.203.21.9,1975-10-19T10:19:01.000000
6535,imlek_campaign,IOS,158.147.94.235,1983-07-15T17:28:27.000000
5772,imlek_campaign,IOS,118.238.25.226,2010-02-15T05:32:23.000000
4601,lebaran_campaign,Desktop,16.220.239.122,2020-04-01T12:58:35.000000
6666,lebaran_campaign,Desktop,167.249.36.224,1998-11-06T17:39:38.000000
8937,natal_campaign,Desktop,206.218.79.205,1999-02-09T18:01:39.000000
7895,natal_campaign,Android,75.134.112.83,1975-06-02T12:33:06.000000
2678,lebaran_campaign,Desktop,159.199.143.32,2007-07-22T16:00:06.000000
5294,natal_campaign,IOS,94.0.156.49,1999-02-27T18:00:29.000000
8439,natal_campaign,Android,18.136.13.227,1988-09-22T05:27:11.000000
821,lebaran_campaign,Desktop,80.252.188.234,1993-02-23T23:35:27.000000
7286,imlek_campaign,Desktop,132.194.49.87,1990-10-17T16:37:18.000000
3810,natal_campaign,IOS,151.106.29.182,1996-04-06T23:36:48.000000
8953,imlek_campaign,IOS,116.226.234.16,2011-12-23T23:40:32.000000
4831,natal_campaign,Desktop,59.233.124.176,2020-08-01T17:53:09.000000
5012,imlek_campaign,Desktop,41.85.41.207,1973-07-25T11:28:51.000000
3928,natal_campaign,IOS,173.64.21.64,1994-10-30T12:50:22.000000
5176,lebaran_campaign,IOS,87.183.143.48,2017-02-05T10:02:33.000000
5496,imlek_campaign,IOS,179.253.91.90,2013-07-21T00:51:59.000000
9561,natal_campaign,IOS,78.52.48.167,2019-07-09T05:24:43.000000
9654,natal_campaign,Desktop,191.111.57.237,2008-07-01T00:37:40.000000
2943,lebaran_campaign,Desktop,185.199.113.164,1997-01-03T05:57:28.000000
7798,natal_campaign,Android,99.216.44.67,1993-04-06T09:25:39.000000
8173,natal_campaign,IOS,138.115.32.221,2006-09-01T21:35:05.000000
7994,imlek_campaign,IOS,67.130.173.70,1980-07-20T22:18:12.000000
7841,natal_campaign,Desktop,38.4.149.198,2002-03-24T14:53:15.000000
7124,natal_campaign,IOS,163.159.109.190,2017-12-12T00:23:57.000000
4843,natal_campaign,Android,164.142.153.137,1999-09-29T16:29:30.000000
1301,natal_campaign,IOS,188.212.146.217,1994-12-23T10:40:15.000000
3327,lebaran_campaign,Desktop,112.196.5.4,2008-02-04T23:50:39.000000
8761,lebaran_campaign,Android,93.70.210.125,1996-10-16T08:28:52.000000
6924,lebaran_campaign,IOS,18.199.113.163,1983-01-13T20:33:42.000000
376,natal_campaign,Desktop,132.176.70.226,2006-08-25T09:52:20.000000
7410,natal_campaign,Android,194.86.197.229,2013-12-03T01:13:13.000000
6171,imlek_campaign,Desktop,65.80.200.181,1979-12-04T05:50:46.000000
6977,lebaran_campaign,IOS,167.91.167.106,1985-10-16T07:15:53.000000
3099,natal_campaign,Desktop,42.200.105.228,1982-01-16T21:51:07.000000
3869,imlek_campaign,Desktop,51.70.232.208,2018-12-30T03:13:52.000000
7649,natal_campaign,IOS,205.98.94.122,1974-07-20T21:03:22.000000
696,natal_campaign,IOS,132.211.121.186,1975-06-06T08:11:20.000000
4469,imlek_campaign,IOS,139.156.64.14,2004-11-16T04:04:04.000000
7706,imlek_campaign,Desktop,181.105.243.42,1977-04-14T18:48:29.000000
637,natal_campaign,Desktop,37.81.238.126,1994-12-29T09:42:53.000000
5094,lebaran_campaign,IOS,204.23.68.118,2019-01-24T13:45:33.000000
5424,natal_campaign,IOS,29.32.11.150,2009-10-01T14:59:06.000000
8642,natal_campaign,Android,80.49.200.29,1975-01-30T00:38:37.000000
1571,imlek_campaign,IOS,175.130.81.47,1999-11-14T11:06:23.000000
5645,lebaran_campaign,Android,205.125.27.238,2004-12-18T05:57:43.000000
2886,lebaran_campaign,IOS,31.131.118.155,1990-02-25T07:14:41.000000
4943,lebaran_campaign,IOS,16.236.30.54,2004-01-25T04:41:06.000000
574,lebaran_campaign,IOS,40.196.161.3,1987-06-15T16:43:41.000000
2741,lebaran_campaign,Android,207.95.102.24,2016-05-21T17:04:28.000000
295,natal_campaign,IOS,35.174.158.168,1987-09-04T16:49:22.000000
3399,natal_campaign,Android,68.177.46.149,1999-03-20T14:10:46.000000
7505,natal_campaign,Desktop,197.179.128.174,2017-05-10T19:22:24.000000
8231,lebaran_campaign,Android,181.174.72.90,1993-03-05T04:21:51.000000
1487,lebaran_campaign,Android,218.185.240.182,2021-10-08T08:52:45.000000
3442,lebaran_campaign,IOS,3.116.154.250,2019-08-07T06:16:31.000000
524,imlek_campaign,IOS,24.244.133.224,2003-03-21T22:45:31.000000
9368,imlek_campaign,Android,170.56.182.89,2009-10-08T19:39:37.000000
9646,imlek_campaign,IOS,57.220.82.88,1977-08-27T14:50:16.000000
4135,natal_campaign,IOS,101.94.62.228,1991-04-07T06:55:14.000000
4905,natal_campaign,Desktop,168.55.86.209,2020-01-14T00:26:10.000000
7424,natal_campaign,Android,138.6.158.122,1992-06-27T12:03:39.000000
4329,natal_campaign,IOS,149.221.102.65,1971-10-09T05:36:13.000000
367,imlek_campaign,Android,71.24.43.133,2017-09-13T20:25:18.000000
4238,lebaran_campaign,IOS,159.243.173.246,1998-02-10T19:34:07.000000
5992,lebaran_campaign,Desktop,221.255.128.184,2005-04-06T01:01:17.000000
4301,imlek_campaign,Android,171.107.58.174,1971-01-29T22:17:43.000000
2016,natal_campaign,Desktop,193.141.219.162,2014-11-22T08:58:49.000000
9931,natal_campaign,IOS,54.209.92.7,1980-06-08T06:35:37.000000
8054,natal_campaign,Desktop,212.208.219.237,1995-11-08T16:05:01.000000
6959,lebaran_campaign,Android,176.130.145.198,2004-07-25T01:20:06.000000
3410,natal_campaign,Desktop,207.54.230.221,2021-07-19T20:09:30.000000
277,imlek_campaign,Android,81.25.130.219,2022-04-23T04:26:07.000000
7717,natal_campaign,IOS,173.177.67.187,2010-12-20T12:12:20.000000
3665,imlek_campaign,Desktop,150.186.139.181,2018-07-17T04:51:36.000000
5724,imlek_campaign,Desktop,115.177.140.180,1989-06-18T07:37:30.000000
2826,imlek_campaign,IOS,210.93.177.254,1998-11-01T20:26:00.000000
1831,natal_campaign,IOS,184.228.55.229,1982-02-16T00:34:40.000000
3493,imlek_campaign,Android,30.72.153.159,2013-08-16T12:43:37.000000
9876,natal_campaign,Desktop,35.124.6.134,2014-02-25T03:53:22.000000
8133,imlek_campaign,Android,69.225.235.47,1997-06-18T11:51:15.000000
8093,lebaran_campaign,IOS,8.46.96.11,1982-02-23T05:21:32.000000
6710,natal_campaign,Desktop,82.174.99.157,2008-07-17T03:17:04.000000
6000,natal_campaign,Desktop,125.55.130.21,2003-08-23T05:41:45.000000
1293,imlek_campaign,Desktop,87.20.51.150,1987-11-03T22:30:46.000000
9360,imlek_campaign,Desktop,192.126.68.52,2000-06-15T14:47:18.000000
9263,natal_campaign,IOS,24.102.161.200,2000-01-30T02:38:39.000000
8545,lebaran_campaign,IOS,84.1.55.52,2001-06-02T17:50:32.000000
5829,imlek_campaign,IOS,15.116.218.68,1989-01-25T16:58:48.000000
2012,imlek_campaign,IOS,188.28.201.60,2017-07-20T11:16:15.000000
7650,lebaran_campaign,IOS,223.171.25.229,2015-03-13T08:30:39.000000
4095,natal_campaign,Desktop,173.173.192.150,2005-08-05T00:09:33.000000
6332,imlek_campaign,Desktop,63.62.64.149,2004-08-29T02:40:40.000000
9392,natal_campaign,Android,49.85.192.27,2008-09-28T17:38:19.000000
2705,natal_campaign,IOS,167.200.6.251,1984-01-18T16:40:17.000000
2165,natal_campaign,Desktop,172.97.235.146,2022-04-16T05:39:52.000000
7708,natal_campaign,Desktop,185.193.155.188,1990-06-03T06:34:40.000000
6709,natal_campaign,IOS,87.66.245.167,1976-09-28T19:21:01.000000
1824,imlek_campaign,Android,197.9.237.76,1992-10-24T21:33:54.000000
859,imlek_campaign,Android,161.160.54.198,1976-01-24T06:19:39.000000
4213,lebaran_campaign,IOS,219.113.90.73,2003-06-08T10:43:24.000000
2111,natal_campaign,Android,63.65.10.103,1991-07-20T12:05:41.000000
441,imlek_campaign,Android,113.149.142.54,2005-04-22T16:04:36.000000
6734,lebaran_campaign,Android,132.60.40.144,1998-05-31T23:20:02.000000
1195,lebaran_campaign,Desktop,25.248.203.182,2001-12-10T08:21:46.000000
6233,imlek_campaign,Android,22.119.86.71,2009-01-28T14:55:08.000000
8073,natal_campaign,Android,7.191.188.163,1976-09-10T07:20:03.000000
2669,imlek_campaign,Android,203.103.51.1,1983-09-11T16:25:18.000000
9183,lebaran_campaign,IOS,208.251.223.101,1970-12-08T20:36:11.000000
4256,imlek_campaign,Desktop,82.150.209.51,1982-02-03T10:01:40.000000
6726,natal_campaign,IOS,211.125.65.47,2023-07-03T08:14:30.000000
8706,lebaran_campaign,IOS,206.11.184.82,2014-10-25T21:42:52.000000
4368,natal_campaign,IOS,151.175.73.66,1974-04-10T06:23:40.000000
87,imlek_campaign,Android,109.242.157.189,1993-10-23T09:44:45.000000
6299,lebaran_campaign,Android,151.49.250.115,1975-03-07T18:49:25.000000
7596,natal_campaign,IOS,145.199.250.212,2003-07-03T02:29:41.000000
5508,natal_campaign,Android,83.210.226.207,1979-11-03T11:55:37.000000
3290,natal_campaign,IOS,179.91.140.196,1994-09-14T03:39:02.000000
5317,imlek_campaign,Android,129.46.18.247,1979-12-23T07:03:04.000000
4366,imlek_campaign,IOS,82.114.143.208,1979-12-29T23:16:49.000000
9079,lebaran_campaign,IOS,142.233.162.143,2002-04-15T14:51:04.000000
9929,natal_campaign,IOS,217.198.172.92,2004-11-18T14:54:03.000000
9387,lebaran_campaign,IOS,35.115.72.180,1970-09-15T07:33:20.000000
5143,imlek_campaign,Desktop,58.82.49.70,2016-12-14T09:19:42.000000
4868,lebaran_campaign,IOS,109.51.70.37,2020-04-24T03:41:41.000000
644,imlek_campaign,IOS,131.204.105.117,2023-08-24T10:50:39.000000
9613,lebaran_campaign,Android,164.173.49.116,1975-04-07T01:21:24.000000
5503,lebaran_campaign,IOS,21.140.116.43,1985-12-04T15:55:41.000000
4239,imlek_campaign,IOS,178.202.61.165,2006-02-24T09:33:04.000000
9460,imlek_campaign,Desktop,71.114.83.104,1976-04-06T17:55:35.000000
8646,lebaran_campaign,Android,45.154.234.156,1977-01-23T11:42:08.000000
1715,lebaran_campaign,Desktop,14.111.127.170,1972-02-25T03:52:20.000000
8965,lebaran_campaign,Android,112.173.21.37,2019-03-25T02:57:14.000000
8182,lebaran_campaign,IOS,102.128.13.91,1987-05-20T20:05:47.000000
2384,lebaran_campaign,Android,69.36.195.206,2001-02-02T22:31:18.000000
2786,lebaran_campaign,Desktop,20.204.152.20,2004-10-29T13:02:23.000000
4527,natal_campaign,Android,67.20.180.80,1991-03-11T12:27:48.000000
1847,natal_campaign,IOS,32.209.2.144,2010-10-29T06:38:29.000000
5033,imlek_campaign,IOS,157.70.66.222,1972-10-06T21:11:09.000000
3457,natal_campaign,Android,159.78.218.116,2022-05-12T19:26:26.000000
3907,natal_campaign,Android,143.168.116.190,1970-12-03T05:36:46.000000
3591,natal_campaign,IOS,180.210.207.3,2006-06-09T02:57:56.000000
9647,lebaran_campaign,IOS,112.138.246.181,2000-05-10T23:03:55.000000
497,imlek_campaign,IOS,149.72.12.36,2001-10-20T07:44:33.000000
3997,natal_campaign,Android,151.35.22.234,1987-05-24T09:49:15.000000
4060,imlek_campaign,Android,21.81.137.174,1972-05-26T23:00:34.000000
3744,lebaran_campaign,Android,61.216.42.230,2019-09-05T22:48:13.000000
8014,lebaran_campaign,IOS,103.138.160.180,1991-02-23T01:37:24.000000
1074,lebaran_campaign,Android,187.231.145.41,1987-08-18T23:16:36.000000
854,imlek_campaign,Android,40.236.32.49,2000-07-03T11:35:20.000000
3679,lebaran_campaign,IOS,10.211.128.28,2019-12-10T14:54:55.000000
7,imlek_campaign,IOS,169.0.236.97,2017-11-24T02:09:45.000000
8196,imlek_campaign,Android,6.139.84.12,1971-07-21T22:32:15.000000
5698,natal_campaign,IOS,124.243.106.253,1997-11-27T18:59:29.000000
2893,lebaran_campaign,Android,184.75.233.18,1978-03-16T07:38:13.000000
2973,lebaran_campaign,Android,82.104.181.20,1996-12-04T19:55:42.000000
9453,lebaran_campaign,IOS,113.244.11.211,2001-01-17T17:48:53.000000
7802,imlek_campaign,Desktop,220.88.168.134,1994-11-01T01:09:17.000000
646,imlek_campaign,Android,172.203.203.209,2019-10-09T11:36:10.000000
9249,imlek_campaign,Desktop,131.46.179.223,2014-04-09T11:47:42.000000
3990,imlek_campaign,Desktop,12.149.157.150,2016-01-11T00:21:03.000000
1948,imlek_campaign,Android,79.217.152.30,2009-08-01T14:23:32.000000
2586,imlek_campaign,Android,184.20.33.20,1985-06-17T07:02:22.000000
9631,imlek_campaign,Android,199.199.104.88,1996-04-11T23:34:10.000000
831,imlek_campaign,IOS,155.112.71.18,1988-08-09T08:27:48.000000
6018,natal_campaign,Desktop,69.105.199.179,2023-08-17T23:46:21.000000
2064,lebaran_campaign,IOS,38.114.20.47,1979-01-01T00:15:06.000000
7421,imlek_campaign,Desktop,105.114.191.179,1975-04-26T07:11:41.000000
404,lebaran_campaign,Android,148.160.243.124,1997-12-25T11:59:29.000000
2275,imlek_campaign,IOS,7.145.239.172,1979-03-06T23:37:40.000000
8800,natal_campaign,Android,39.60.22.227,2004-05-24T23:01:30.000000
2987,natal_campaign,Android,140.21.74.118,1970-10-21T23:52:05.000000
1728,lebaran_campaign,Android,169.255.137.115,2012-10-24T02:15:10.000000
5,imlek_campaign,IOS,97.236.15.93,1984-12-13T15:33:29.000000
7591,lebaran_campaign,IOS,185.0.224.104,2022-05-26T12:52:47.000000
5282,imlek_campaign,IOS,50.73.176.186,1983-11-17T06:18:57.000000
788,natal_campaign,Desktop,182.12.228.3,1981-12-28T09:38:11.000000
4791,lebaran_campaign,Desktop,17.134.57.167,1979-12-15T00:18:44.000000
6044,natal_campaign,IOS,107.34.42.143,2003-05-22T16:48:03.000000
292,natal_campaign,Android,96.228.89.157,1990-05-19T17:12:49.000000
84,lebaran_campaign,Android,31.236.211.130,1998-09-18T17:44:42.000000
7640,lebaran_campaign,Desktop,158.221.83.179,2008-02-02T00:44:41.000000
3260,natal_campaign,Desktop,82.236.85.161,1972-02-15T23:01:27.000000
8922,imlek_campaign,IOS,130.250.189.219,2009-09-18T23:52:51.000000
424,imlek_campaign,Android,76.110.154.102,1974-07-19T16:36:22.000000
6477,imlek_campaign,Android,58.250.43.61,1970-07-02T22:32:05.000000
7048,lebaran_campaign,IOS,30.34.222.96,1994-09-28T13:50:05.000000
6411,natal_campaign,IOS,153.79.49.62,2014-09-27T19:54:38.000000
9768,lebaran_campaign,Desktop,61.28.16.254,2016-09-21T19:39:11.000000
3691,imlek_campaign,IOS,114.228.123.161,1983-12-16T23:19:20.000000
8212,lebaran_campaign,Desktop,79.16.189.235,1972-05-21T11:51:43.000000
3450,lebaran_campaign,Desktop,122.199.146.253,2009-02-09T07:26:54.000000
8219,natal_campaign,Desktop,41.198.168.95,1997-01-25T14:32:57.000000
3533,imlek_campaign,IOS,59.8.167.104,2018-08-14T08:15:35.000000
3854,natal_campaign,Android,199.31.25.157,1992-04-20T06:52:44.000000
6029,lebaran_campaign,IOS,99.204.30.247,1994-08-28T17:21:48.000000
1863,natal_campaign,Desktop,6.40.73.245,2002-07-27T08:02:46.000000
9746,natal_campaign,IOS,129.167.166.27,2007-06-28T17:38:57.000000
1454,lebaran_campaign,IOS,182.55.182.48,1988-03-26T01:42:53.000000
473,lebaran_campaign,Desktop,221.140.136.112,2006-05-29T10:59:01.000000
7149,imlek_campaign,IOS,96.133.162.197,1982-10-02T07:22:27.000000
8075,lebaran_campaign,Desktop,7.69.243.195,2005-01-17T06:25:52.000000
5796,natal_campaign,Desktop,133.98.214.31,1999-03-20T17:06:55.000000
6378,lebaran_campaign,Android,213.223.116.171,1974-11-23T17:04:51.000000
9378,lebaran_campaign,Android,188.141.244.59,2003-10-03T01:06:26.000000
2446,imlek_campaign,Android,25.87.190.136,1996-04-04T12:47:00.000000
7697,lebaran_campaign,Android,209.219.23.211,1972-04-26T06:04:34.000000
9862,lebaran_campaign,Android,66.115.58.157,2011-06-15T01:35:29.000000
3567,natal_campaign,Desktop,218.0.190.248,2015-02-19T14:08:17.000000
3284,imlek_campaign,IOS,69.163.132.44,2020-06-15T04:18:20.000000
1125,imlek_campaign,IOS,176.234.10.164,2005-10-31T15:54:02.000000
8969,lebaran_campaign,Desktop,71.109.52.34,1973-02-22T18:49:25.000000
6993,natal_campaign,Desktop,54.48.56.55,1992-12-05T16:25:01.000000
7155,lebaran_campaign,Desktop,167.109.9.209,1986-12-01T15:19:50.000000
296,imlek_campaign,IOS,145.144.94.173,1970-03-13T22:08:23.000000
6038,imlek_campaign,Android,45.104.160.175,1973-09-29T12:59:46.000000
4072,imlek_campaign,Android,163.17.91.242,2012-11-09T16:37:24.000000
3322,natal_campaign,Android,155.10.212.105,2008-04-12T00:39:14.000000
4525,natal_campaign,Android,121.164.81.13,1986-10-29T14:48:12.000000
1449,imlek_campaign,Android,80.33.227.119,1983-08-05T16:14:24.000000
5721,natal_campaign,IOS,118.60.210.208,1989-05-20T05:36:35.000000
5109,lebaran_campaign,Android,23.168.7.198,2019-08-26T13:49:08.000000
1150,natal_campaign,IOS,37.104.35.220,2010-03-19T10:24:57.000000
9478,natal_campaign,Android,6.197.123.200,1998-03-02T07:22:58.000000
7645,lebaran_campaign,IOS,40.11.186.27,2009-02-17T11:39:48.000000
6100,imlek_campaign,IOS,39.10.214.101,1982-11-02T22:40:54.000000
6117,imlek_campaign,IOS,148.124.163.27,1983-10-25T02:36:23.000000
6220,imlek_campaign,Android,154.144.228.61,1997-06-15T20:05:24.000000
7846,imlek_campaign,Android,11.84.243.113,1981-12-28T02:16:11.000000
900,natal_campaign,Desktop,73.170.166.186,1970-10-30T17:49:39.000000
1076,lebaran_campaign,Desktop,219.25.215.33,1990-10-13T15:11:43.000000
9581,imlek_campaign,IOS,210.200.228.43,1982-07-12T08:28:44.000000
4656,natal_campaign,Android,140.23.125.136,1990-02-12T11:41:34.000000
1383,imlek_campaign,IOS,147.166.147.102,2020-04-30T08:55:48.000000
552,natal_campaign,Desktop,163.97.13.110,1980-04-03T04:43:27.000000
47,imlek_campaign,IOS,151.189.219.141,2005-04-07T02:11:51.000000
2119,natal_campaign,Android,114.175.107.143,1986-12-14T22:57:37.000000
544,lebaran_campaign,Android,133.80.194.52,1985-01-07T18:13:04.000000
3334,lebaran_campaign,Android,217.96.201.166,2013-01-17T21:31:22.000000
8806,lebaran_campaign,Desktop,36.238.235.208,1994-11-27T17:41:44.000000
2386,lebaran_campaign,Android,118.111.108.45,1999-07-03T22:33:30.000000
3059,imlek_campaign,Desktop,40.77.240.54,2017-07-08T12:02:04.000000
3702,imlek_campaign,Android,24.56.214.73,1977-06-16T23:58:42.000000
7426,imlek_campaign,Android,186.110.120.37,2017-01-19T04:48:06.000000
3906,lebaran_campaign,IOS,115.38.21.109,1980-08-28T07:33:36.000000
7122,imlek_campaign,Desktop,104.99.2.242,1980-04-30T14:17:48.000000
5918,lebaran_campaign,Android,165.134.106.178,2004-05-21T15:37:22.000000
2972,imlek_campaign,Desktop,17.29.242.64,1987-08-27T12:11:16.000000
832,lebaran_campaign,Android,200.200.130.224,2014-11-24T22:43:22.000000
8422,imlek_campaign,Android,19.148.39.215,2008-03-08T20:10:08.000000
9280,lebaran_campaign,Android,123.76.224.71,2010-12-28T14:03:27.000000
179,lebaran_campaign,Desktop,211.41.203.174,1984-06-23T01:35:21.000000
6291,imlek_campaign,Android,64.235.77.46,2017-03-17T05:19:07.000000
787,lebaran_campaign,IOS,141.219.40.25,2004-12-21T15:51:35.000000
539,imlek_campaign,Desktop,12.47.29.179,2015-01-17T07:53:28.000000
456,natal_campaign,Desktop,199.23.60.185,1987-11-03T14:37:38.000000
140,lebaran_campaign,Android,217.189.83.181,1982-10-13T00:02:51.000000
8867,lebaran_campaign,Desktop,152.110.75.46,2020-05-17T14:10:49.000000
7464,natal_campaign,Desktop,173.186.31.8,2005-05-04T18:11:54.000000
6630,natal_campaign,Android,47.62.87.213,1990-01-10T13:54:06.000000
9601,lebaran_campaign,IOS,28.133.213.7,2014-06-10T11:19:44.000000
2522,natal_campaign,IOS,215.89.159.232,1980-10-23T01:15:30.000000
8319,natal_campaign,Desktop,160.28.17.186,2008-01-02T02:17:00.000000
10,natal_campaign,Android,219.169.66.182,1997-02-09T04:31:24.000000
7788,lebaran_campaign,Android,213.14.197.184,2020-10-24T02:32:33.000000
6920,imlek_campaign,IOS,66.122.210.114,1992-11-27T22:10:33.000000
3761,natal_campaign,Desktop,173.15.24.220,1973-05-16T12:48:11.000000
5563,lebaran_campaign,Android,45.146.174.19,2001-12-16T07:32:59.000000
7068,imlek_campaign,IOS,170.237.65.125,1989-11-25T12:18:09.000000
6765,natal_campaign,Android,68.174.108.40,1996-02-23T15:39:49.000000
2104,imlek_campaign,Desktop,37.167.31.94,2016-03-27T12:49:03.000000
9389,lebaran_campaign,Desktop,70.239.86.41,1976-09-12T08:29:30.000000
6148,natal_campaign,Android,184.168.123.148,1975-12-17T06:10:02.000000
6756,lebaran_campaign,Android,51.154.1.213,1981-09-02T07:54:08.000000
2924,lebaran_campaign,IOS,91.232.13.158,1973-09-26T18:00:41.000000
1040,natal_campaign,Android,121.53.175.120,2016-09-19T11:00:39.000000
7764,imlek_campaign,IOS,43.237.238.8,1971-03-30T03:28:47.000000
7644,lebaran_campaign,Android,30.125.216.133,2000-08-09T00:39:35.000000
3914,imlek_campaign,Desktop,45.231.71.176,2017-06-04T13:09:55.000000
8551,lebaran_campaign,Desktop,110.183.180.35,1977-11-12T08:43:09.000000
321,imlek_campaign,Android,201.66.219.72,1992-09-13T23:58:50.000000
1851,natal_campaign,IOS,207.191.69.59,2015-05-20T10:19:00.000000
9291,natal_campaign,IOS,61.44.243.62,1996-01-12T08:21:57.000000
2168,imlek_campaign,IOS,219.162.129.230,2016-08-05T00:36:01.000000
9916,natal_campaign,Desktop,47.154.68.26,2018-07-01T15:27:05.000000
4032,lebaran_campaign,IOS,52.170.39.126,1995-06-15T19:44:10.000000
223,natal_campaign,Desktop,159.202.125.202,2006-09-14T12:18:38.000000
1985,imlek_campaign,IOS,81.46.96.90,1990-09-23T12:18:41.000000
1061,natal_campaign,IOS,109.156.6.72,2007-08-10T04:59:20.000000
8562,lebaran_campaign,Android,126.10.73.92,1987-01-14T23:07:21.000000
9247,natal_campaign,Android,147.101.167.38,1992-10-29T16:46:43.000000
4134,lebaran_campaign,IOS,116.233.208.220,2021-08-16T12:29:02.000000
4565,natal_campaign,Desktop,157.203.161.122,1996-11-09T07:17:40.000000
1287,imlek_campaign,IOS,174.23.94.34,2014-12-11T12:14:00.000000
9034,lebaran_campaign,IOS,69.155.141.106,1988-07-27T02:35:00.000000
5129,imlek_campaign,Android,212.23.115.202,2001-11-25T13:12:42.000000
5574,imlek_campaign,Android,53.229.93.236,2022-05-31T03:30:25.000000
3968,imlek_campaign,Android,48.22.128.78,2020-07-18T23:41:44.000000
5228,lebaran_campaign,Android,90.106.163.193,1976-11-10T18:53:05.000000
1724,natal_campaign,Desktop,81.0.49.167,2022-07-21T08:04:29.000000
1998,lebaran_campaign,Android,209.53.170.62,1981-02-20T11:09:41.000000
1309,imlek_campaign,Desktop,223.119.76.204,1994-06-17T07:46:12.000000
5846,imlek_campaign,Android,75.239.60.233,1988-03-14T02:45:27.000000
936,lebaran_campaign,Desktop,192.9.180.189,2014-12-10T04:06:09.000000
9306,imlek_campaign,Desktop,161.163.243.178,2020-01-04T01:32:03.000000
6939,lebaran_campaign,Android,38.22.140.148,1973-05-18T21:27:00.000000
9544,lebaran_campaign,IOS,43.59.77.106,1975-02-11T19:15:12.000000
8520,lebaran_campaign,Android,80.211.230.19,2012-11-10T18:33:00.000000
4250,lebaran_campaign,Android,121.206.216.208,2012-08-01T18:26:19.000000
9679,imlek_campaign,Android,175.91.49.155,2012-08-17T01:51:10.000000
2115,natal_campaign,Android,116.61.61.185,2015-02-17T06:10:01.000000
935,imlek_campaign,Desktop,221.238.130.191,1984-03-11T16:54:36.000000
1013,natal_campaign,Android,51.250.58.11,1988-03-28T10:17:57.000000
5601,lebaran_campaign,Android,63.178.161.241,1986-12-04T15:34:57.000000
2662,natal_campaign,Desktop,87.140.204.90,1991-12-26T22:17:47.000000
6431,lebaran_campaign,Desktop,23.67.209.75,2000-02-21T01:47:28.000000
6354,natal_campaign,Desktop,175.177.237.173,1981-01-12T15:45:24.000000
727,natal_campaign,Android,120.183.246.53,1983-04-09T21:54:07.000000
7113,lebaran_campaign,IOS,20.60.159.50,2004-01-05T09:31:08.000000
2363,lebaran_campaign,IOS,154.227.254.48,2004-10-16T20:07:05.000000
146,imlek_campaign,Android,146.109.225.219,1993-12-23T12:42:30.000000
8421,imlek_campaign,IOS,142.93.23.207,2000-07-08T16:26:01.000000
6680,lebaran_campaign,Desktop,139.161.109.209,2022-11-04T09:03:52.000000
3787,imlek_campaign,Android,36.27.87.10,2018-10-07T18:22:34.000000
655,lebaran_campaign,Desktop,129.57.169.93,2020-03-06T17:33:29.000000
9515,natal_campaign,Android,207.38.10.165,2018-11-11T21:37:37.000000
8064,lebaran_campaign,Desktop,152.149.35.99,1972-03-22T14:04:57.000000
182,lebaran_campaign,IOS,20.91.7.39,2003-10-25T06:08:20.000000
5326,natal_campaign,Android,175.153.113.132,2001-06-13T02:48:54.000000
5372,natal_campaign,IOS,32.254.109.194,2015-07-12T02:02:58.000000
9261,natal_campaign,Desktop,66.190.206.121,1979-11-11T09:23:03.000000
2744,imlek_campaign,Android,27.106.28.247,1972-03-30T20:46:24.000000
6974,imlek_campaign,Android,209.23.141.129,2019-09-01T02:12:29.000000
3618,natal_campaign,Android,30.115.150.218,1976-05-22T14:41:04.000000
5178,natal_campaign,Desktop,88.29.242.83,1999-06-22T18:24:25.000000
6090,natal_campaign,Android,47.168.122.138,1999-10-24T03:44:01.000000
6085,imlek_campaign,IOS,182.87.218.107,1988-09-22T21:57:20.000000
4268,lebaran_campaign,Desktop,98.179.125.135,2002-06-10T23:43:23.000000
3827,natal_campaign,IOS,194.201.232.113,2015-10-30T22:24:52.000000
7161,natal_campaign,IOS,95.87.96.148,2021-08-10T15:06:51.000000
728,natal_campaign,Desktop,151.77.83.7,2000-01-18T07:17:34.000000
2379,lebaran_campaign,IOS,25.55.130.187,2022-02-26T19:21:14.000000
1396,lebaran_campaign,Android,84.209.145.114,2013-07-29T11:17:50.000000
7606,natal_campaign,Android,100.133.163.130,1989-10-04T20:09:49.000000
7395,imlek_campaign,Desktop,66.243.187.80,1994-08-02T07:02:10.000000
3962,imlek_campaign,Desktop,49.242.245.18,2023-03-16T22:03:34.000000
9173,imlek_campaign,Android,38.178.209.80,1977-01-06T21:34:14.000000
7164,lebaran_campaign,IOS,154.155.92.247,1990-05-14T21:40:21.000000
4571,lebaran_campaign,Android,56.155.79.1,1996-05-08T17:08:51.000000
8067,lebaran_campaign,IOS,84.115.151.154,2017-04-20T13:25:58.000000
3458,lebaran_campaign,Desktop,18.239.32.105,2008-03-10T23:36:18.000000
9955,natal_campaign,Desktop,168.184.119.116,1984-06-13T08:41:31.000000
9877,lebaran_campaign,Desktop,156.161.197.86,2022-01-25T07:42:28.000000
9529,imlek_campaign,IOS,119.85.40.219,1973-10-11T12:48:49.000000
7671,lebaran_campaign,Desktop,197.42.60.72,2003-09-13T10:32:51.000000
1484,natal_campaign,Android,89.20.237.15,2018-12-11T11:09:30.000000
8673,natal_campaign,Android,11.34.205.242,1982-12-13T17:49:06.000000
8798,lebaran_campaign,Android,217.243.81.245,2020-10-14T00:32:04.000000
8204,natal_campaign,Android,204.10.40.181,1975-01-26T04:43:05.000000
1497,lebaran_campaign,Desktop,162.252.3.100,1996-07-17T20:53:33.000000
1867,imlek_campaign,IOS,93.61.4.191,1997-01-26T07:04:13.000000
1457,imlek_campaign,Desktop,169.231.182.241,2011-06-22T03:27:04.000000
7046,natal_campaign,IOS,101.168.225.125,2014-11-09T11:38:49.000000
2644,lebaran_campaign,Desktop,114.4.205.12,1971-04-19T21:51:54.000000
1820,imlek_campaign,Desktop,6.78.79.84,2000-06-05T20:17:13.000000
2331,lebaran_campaign,Android,85.122.3.97,2022-03-01T12:52:00.000000
8381,natal_campaign,Android,215.192.134.199,2016-08-08T13:57:19.000000
5515,imlek_campaign,Android,87.98.162.78,1970-04-13T04:49:11.000000
8793,imlek_campaign,Desktop,194.75.246.253,2000-02-05T05:34:10.000000
4763,imlek_campaign,Android,82.0.171.172,1971-09-11T02:50:49.000000
8948,imlek_campaign,IOS,215.4.56.11,1994-12-14T00:26:08.000000
3309,lebaran_campaign,Android,131.77.241.43,2016-07-10T01:04:59.000000
9899,imlek_campaign,Desktop,85.157.11.229,1980-03-04T03:08:36.000000
2294,natal_campaign,Desktop,200.230.157.189,2009-07-24T13:14:41.000000
4862,imlek_campaign,IOS,117.204.65.51,2002-03-20T10:46:05.000000
7342,imlek_campaign,IOS,106.190.51.194,1977-02-11T15:43:16.000000
6437,natal_campaign,IOS,203.212.202.54,2021-04-23T19:51:11.000000
2510,natal_campaign,Desktop,177.108.127.228,2011-06-10T18:00:09.000000
6287,lebaran_campaign,Android,73.150.129.39,2021-06-23T19:09:25.000000
3216,imlek_campaign,Desktop,142.38.143.18,1977-08-04T16:09:35.000000
9507,imlek_campaign,IOS,136.232.1.15,2007-10-17T23:28:24.000000
793,natal_campaign,Desktop,38.32.23.18,2007-11-09T02:18:59.000000
4143,natal_campaign,Desktop,12.19.141.118,2010-03-16T17:54:39.000000
579,imlek_campaign,Desktop,185.185.173.118,2022-10-14T15:57:45.000000
4762,lebaran_campaign,IOS,109.208.61.231,1990-03-18T23:11:08.000000
8986,imlek_campaign,Android,83.196.80.146,1984-06-21T19:15:39.000000
4807,natal_campaign,IOS,88.21.167.2,2004-04-16T13:20:24.000000
446,lebaran_campaign,Android,35.44.114.253,2002-02-06T06:17:48.000000
8530,imlek_campaign,Desktop,163.139.199.66,1998-03-06T04:55:53.000000
3342,imlek_campaign,IOS,145.23.30.138,1986-04-08T01:47:37.000000
475,lebaran_campaign,Desktop,136.227.34.251,1970-04-28T10:32:34.000000
2200,lebaran_campaign,Desktop,42.125.121.248,2018-03-16T18:04:27.000000
5361,imlek_campaign,Desktop,85.120.43.161,2012-12-13T20:06:46.000000
7072,imlek_campaign,Desktop,67.85.58.37,1974-06-02T15:51:17.000000
3965,imlek_campaign,Desktop,150.160.193.119,1977-02-12T11:55:13.000000
8958,lebaran_campaign,IOS,57.99.182.145,2016-11-19T04:33:09.000000
3304,imlek_campaign,IOS,223.85.254.236,2021-08-10T10:15:41.000000
1471,natal_campaign,Android,77.45.113.216,1984-08-12T07:51:59.000000
725,imlek_campaign,Desktop,117.84.20.92,2011-06-08T16:05:01.000000
5631,imlek_campaign,Android,87.24.190.54,1977-08-19T02:52:39.000000
697,imlek_campaign,Desktop,45.114.111.39,2009-10-19T22:32:35.000000
5286,imlek_campaign,Desktop,98.200.24.110,2023-04-18T09:23:31.000000
9914,imlek_campaign,IOS,222.80.2.235,2021-09-20T14:14:31.000000
4863,lebaran_campaign,Android,185.55.38.156,1978-08-14T03:13:10.000000
5826,imlek_campaign,IOS,61.2.95.71,2020-11-30T20:13:54.000000
1419,lebaran_campaign,IOS,106.129.236.102,1997-07-28T11:09:44.000000
661,imlek_campaign,Desktop,78.22.6.116,1970-10-10T23:44:08.000000
5432,natal_campaign,Android,153.95.149.134,1996-04-23T23:14:38.000000
6940,imlek_campaign,Desktop,87.162.169.138,2005-07-10T21:10:34.000000
9908,natal_campaign,Android,32.192.42.165,2009-01-11T01:27:28.000000
6942,natal_campaign,Android,98.195.248.233,1987-06-26T09:42:28.000000
1008,imlek_campaign,Desktop,143.120.177.96,1981-06-09T13:00:35.000000
9202,natal_campaign,IOS,205.234.215.145,1975-08-26T10:41:30.000000
4257,lebaran_campaign,Desktop,81.225.212.221,2011-08-02T07:59:33.000000
4925,natal_campaign,Desktop,151.161.244.134,1998-11-29T17:51:23.000000
6041,imlek_campaign,Desktop,2.192.96.105,1982-06-23T10:51:05.000000
3430,natal_campaign,Android,17.23.72.28,1970-09-14T18:25:17.000000
5099,natal_campaign,IOS,68.168.50.168,2017-11-13T18:15:39.000000
9848,lebaran_campaign,IOS,22.254.244.230,2009-09-25T09:03:37.000000
6387,lebaran_campaign,Android,131.235.24.110,1980-12-21T14:30:09.000000
9200,imlek_campaign,Desktop,125.206.210.253,2017-09-15T17:50:30.000000
95,lebaran_campaign,IOS,53.243.86.46,2008-09-23T02:11:17.000000
5121,imlek_campaign,Desktop,53.39.52.238,2000-10-07T00:13:59.000000
4989,natal_campaign,Desktop,155.186.212.128,2019-02-20T22:49:31.000000
2174,lebaran_campaign,Android,72.120.183.133,1991-05-24T04:43:32.000000
7372,imlek_campaign,Desktop,13.111.83.26,1995-07-01T10:51:21.000000
5722,lebaran_campaign,IOS,66.33.75.234,2003-02-20T12:47:59.000000
2750,natal_campaign,IOS,165.239.214.149,2021-02-15T12:23:03.000000
3779,natal_campaign,IOS,50.201.99.76,1987-03-21T03:04:02.000000
9468,lebaran_campaign,Desktop,206.134.165.227,2001-06-08T02:54:29.000000
6947,imlek_campaign,IOS,102.176.12.223,2003-06-30T13:05:01.000000
4266,natal_campaign,Android,151.56.82.214,2012-03-25T16:57:16.000000
4331,lebaran_campaign,Android,71.34.91.102,1980-09-27T10:32:22.000000
1581,lebaran_campaign,IOS,222.174.169.152,1988-07-04T20:27:50.000000
8052,lebaran_campaign,IOS,142.108.68.35,1994-11-07T09:46:18.000000
2865,imlek_campaign,IOS,2.96.57.190,2000-03-31T08:37:26.000000
9940,imlek_campaign,Desktop,181.161.246.224,2020-04-09T04:01:07.000000
9338,imlek_campaign,IOS,131.234.89.103,1989-05-23T18:44:51.000000
4244,lebaran_campaign,IOS,25.18.89.46,1972-02-09T06:01:22.000000
9145,natal_campaign,Android,147.4.17.68,1983-05-08T10:18:03.000000
6962,imlek_campaign,Desktop,175.43.13.238,2014-12-08T12:03:59.000000
6335,natal_campaign,IOS,143.56.130.12,1994-03-14T02:51:24.000000
2870,lebaran_campaign,Android,63.52.250.234,2013-08-24T22:04:07.000000
2834,natal_campaign,Desktop,58.189.144.89,2013-07-12T05:14:03.000000
3243,imlek_campaign,Desktop,131.151.128.201,1978-03-14T16:22:16.000000
2777,imlek_campaign,IOS,187.254.25.229,1994-09-01T09:41:59.000000
5483,natal_campaign,IOS,167.85.204.205,1974-07-29T14:51:42.000000
4667,lebaran_campaign,Android,198.227.84.165,1974-02-27T23:38:28.000000
2476,imlek_campaign,Android,14.231.28.103,2019-05-16T11:32:23.000000
155,imlek_campaign,Desktop,147.129.48.57,2002-01-15T04:58:09.000000
5775,natal_campaign,IOS,9.162.239.241,2019-09-18T16:03:11.000000
9971,natal_campaign,Android,120.127.161.254,1993-01-14T18:14:37.000000
2817,imlek_campaign,IOS,212.70.93.179,2023-06-11T18:17:44.000000
7044,imlek_campaign,IOS,220.41.232.206,1970-04-05T15:53:32.000000
1312,lebaran_campaign,Desktop,197.136.152.64,1988-06-18T13:33:26.000000
6166,natal_campaign,Desktop,171.199.109.105,2022-07-21T18:29:48.000000
1047,natal_campaign,Android,24.104.70.138,2018-11-12T07:57:32.000000
9022,lebaran_campaign,Desktop,45.53.65.127,1980-08-27T07:58:06.000000
2882,imlek_campaign,Desktop,20.53.38.174,2006-09-19T11:27:48.000000
5812,imlek_campaign,Android,109.21.244.119,1981-03-08T09:38:52.000000
7774,imlek_campaign,Desktop,189.27.60.102,1987-06-25T14:41:40.000000
714,imlek_campaign,Android,110.38.3.152,1997-11-25T16:03:15.000000
2361,lebaran_campaign,Android,99.109.52.161,1980-06-11T12:16:40.000000
2856,lebaran_campaign,Android,119.150.86.206,1971-04-27T08:41:24.000000
4655,imlek_campaign,Android,192.156.189.173,1987-07-27T23:31:45.000000
4781,natal_campaign,Android,156.152.143.58,1994-02-13T20:01:34.000000
8685,lebaran_campaign,Desktop,112.43.153.178,1973-02-04T14:39:29.000000
1876,lebaran_campaign,Android,124.118.50.59,1972-01-31T11:06:51.000000
4011,natal_campaign,IOS,61.67.27.128,1999-04-02T17:54:02.000000
9365,natal_campaign,Desktop,38.93.229.0,1996-10-26T09:13:26.000000
9705,natal_campaign,IOS,61.92.27.90,2022-04-05T07:09:35.000000
2397,natal_campaign,Android,8.167.245.65,2018-06-11T09:22:20.000000
7827,lebaran_campaign,Desktop,17.135.24.76,1993-06-21T20:41:48.000000
9112,imlek_campaign,Android,88.66.195.125,2021-01-14T11:52:22.000000
8586,imlek_campaign,IOS,46.8.36.120,1985-08-25T06:38:14.000000
1519,imlek_campaign,Desktop,34.150.213.58,1973-10-09T05:57:04.000000
9655,imlek_campaign,IOS,210.248.76.59,1998-06-06T11:38:40.000000
9437,lebaran_campaign,IOS,34.23.125.149,2009-02-02T21:04:41.000000
8105,imlek_campaign,IOS,107.155.122.169,1994-02-24T22:34:18.000000
1051,natal_campaign,Desktop,172.62.15.85,2011-07-10T00:53:06.000000
2645,imlek_campaign,Desktop,195.234.150.200,1998-05-06T00:52:41.000000
511,imlek_campaign,Desktop,42.151.109.28,1985-12-09T10:19:38.000000
5434,lebaran_campaign,Android,194.239.17.36,1975-10-14T23:13:30.000000
4788,imlek_campaign,IOS,147.107.76.122,2021-05-07T15:28:37.000000
5867,lebaran_campaign,IOS,111.240.55.53,1991-01-29T04:57:42.000000
9957,lebaran_campaign,IOS,185.92.226.253,1991-06-08T05:09:55.000000
4471,natal_campaign,IOS,112.184.101.64,1994-10-03T03:06:35.000000
9160,imlek_campaign,IOS,111.236.154.181,1991-08-17T01:16:51.000000
5983,imlek_campaign,Desktop,86.77.215.89,2020-02-02T23:41:03.000000
9140,imlek_campaign,Android,15.103.223.38,1978-04-13T01:29:41.000000
4198,imlek_campaign,Android,149.43.197.156,2013-09-20T21:42:37.000000
7889,natal_campaign,Desktop,223.217.192.53,1975-02-02T07:35:50.000000
1779,natal_campaign,Android,201.224.116.140,2019-12-09T16:13:02.000000
8003,lebaran_campaign,Desktop,148.195.162.184,1981-09-03T10:46:24.000000
4723,natal_campaign,IOS,144.17.95.209,2023-04-22T17:04:30.000000
2758,lebaran_campaign,Desktop,18.212.56.68,1979-08-13T14:13:32.000000
396,imlek_campaign,IOS,94.205.151.121,1980-02-13T15:07:05.000000
5830,lebaran_campaign,IOS,22.147.187.123,2012-07-20T15:23:09.000000
1302,lebaran_campaign,Desktop,38.91.244.154,2011-06-14T14:30:45.000000
8391,lebaran_campaign,Android,154.50.100.225,2010-12-19T05:19:22.000000
996,lebaran_campaign,Android,87.227.168.65,1976-06-04T21:27:03.000000
4616,lebaran_campaign,Android,103.166.96.38,1996-01-26T10:21:55.000000
5706,natal_campaign,Android,215.114.163.56,1972-06-11T15:39:06.000000
6155,lebaran_campaign,Android,59.229.200.87,1985-05-28T15:16:53.000000
8403,natal_campaign,IOS,123.192.94.177,1989-06-30T12:10:12.000000
9922,lebaran_campaign,Desktop,30.39.241.103,2002-03-27T21:59:55.000000
1216,imlek_campaign,Desktop,144.25.186.133,2002-11-15T10:17:06.000000
1097,lebaran_campaign,Desktop,61.183.28.119,2013-12-15T21:42:53.000000
5963,imlek_campaign,Desktop,81.135.66.233,1982-01-02T04:21:36.000000
1446,natal_campaign,Android,102.46.211.176,2019-08-08T03:30:36.000000
8229,lebaran_campaign,Desktop,4.36.26.6,1981-05-20T06:34:12.000000
8962,imlek_campaign,Desktop,45.93.251.182,2015-03-02T12:34:04.000000
189,lebaran_campaign,IOS,112.247.75.44,2016-09-25T09:14:36.000000
3018,lebaran_campaign,Desktop,111.79.145.255,1975-10-05T15:56:08.000000
9320,imlek_campaign,IOS,196.78.122.88,1983-09-17T07:45:05.000000
3338,natal_campaign,Desktop,215.155.28.166,2011-04-12T21:11:34.000000
5074,imlek_campaign,IOS,168.153.238.75,2000-07-26T21:17:23.000000
4722,natal_campaign,IOS,9.60.147.178,1977-03-27T16:44:11.000000
9322,imlek_campaign,Android,116.241.45.58,2015-11-26T07:44:40.000000
3332,imlek_campaign,Desktop,7.28.81.48,2018-08-17T19:56:50.000000
5118,natal_campaign,Android,111.235.1.124,2012-09-12T23:50:04.000000
3536,natal_campaign,IOS,216.14.47.73,1996-06-21T20:20:11.000000
4844,lebaran_campaign,IOS,57.191.95.205,1974-12-17T09:40:14.000000
6915,lebaran_campaign,Desktop,70.219.86.95,1993-01-02T01:35:35.000000
4443,lebaran_campaign,Android,152.210.180.93,1979-06-01T08:29:32.000000
8524,lebaran_campaign,Desktop,124.226.123.8,2018-08-29T17:20:24.000000
3529,natal_campaign,IOS,110.161.202.97,1993-03-09T18:15:43.000000
5071,natal_campaign,IOS,48.226.191.141,2005-11-08T11:46:39.000000
6865,imlek_campaign,IOS,161.68.223.69,1991-03-09T09:45:46.000000
8376,imlek_campaign,Desktop,54.65.146.93,1979-12-25T10:39:13.000000
149,lebaran_campaign,IOS,143.146.114.111,1975-12-12T17:01:53.000000
9592,natal_campaign,Desktop,161.11.226.152,1989-04-07T09:51:07.000000
1402,imlek_campaign,Desktop,184.172.73.229,1990-05-15T23:29:35.000000
7960,natal_campaign,IOS,20.129.155.46,1986-11-08T03:49:15.000000
9218,lebaran_campaign,Desktop,28.134.54.132,1988-09-20T06:48:44.000000
2391,imlek_campaign,Android,28.11.61.68,2022-11-07T21:05:11.000000
9698,imlek_campaign,Desktop,124.83.54.64,2012-10-18T08:45:35.000000
1545,imlek_campaign,Android,79.246.44.2,1994-10-13T10:41:22.000000
695,lebaran_campaign,Desktop,39.179.74.130,2017-10-10T18:50:37.000000
6690,imlek_campaign,IOS,27.131.129.131,1981-05-24T12:54:14.000000
5398,lebaran_campaign,Android,163.244.47.233,1976-08-31T19:43:07.000000
6188,lebaran_campaign,Android,80.200.87.115,1986-02-08T10:10:28.000000
2700,imlek_campaign,Desktop,167.124.150.38,1995-02-05T03:57:56.000000
4640,lebaran_campaign,IOS,97.3.21.67,1994-12-07T21:13:20.000000
3366,natal_campaign,Android,136.104.46.117,2007-05-22T16:23:11.000000
1575,natal_campaign,Android,77.242.170.27,2012-10-13T15:39:13.000000
7067,lebaran_campaign,Desktop,182.120.230.130,1987-04-09T17:47:48.000000
9164,imlek_campaign,IOS,89.131.16.142,2023-06-20T23:07:35.000000
1458,imlek_campaign,Android,38.207.83.200,1993-04-06T10:42:20.000000
142,imlek_campaign,Android,108.192.139.114,1985-02-22T16:51:23.000000
2524,natal_campaign,Desktop,15.229.76.119,2000-11-01T08:54:05.000000
1037,natal_campaign,IOS,38.141.197.216,1986-01-14T21:32:14.000000
398,lebaran_campaign,IOS,139.16.14.111,2014-09-30T13:09:36.000000
846,imlek_campaign,IOS,112.179.108.105,2017-04-27T21:07:43.000000
8157,imlek_campaign,Android,51.196.49.30,2017-01-16T18:55:57.000000
3748,natal_campaign,Android,87.23.232.214,1970-02-08T09:00:37.000000
4955,imlek_campaign,IOS,13.114.76.165,1990-04-14T05:10:49.000000
2571,natal_campaign,Android,77.239.38.83,1999-05-31T12:51:09.000000
9852,lebaran_campaign,Android,164.193.131.123,1976-02-15T10:05:25.000000
2680,imlek_campaign,Desktop,64.159.249.215,1988-12-03T00:55:00.000000
2348,lebaran_campaign,Android,63.189.53.202,1982-10-14T19:12:29.000000
3582,natal_campaign,Desktop,136.160.74.202,2001-07-04T01:32:33.000000
6184,natal_campaign,Desktop,72.222.87.157,1983-04-09T10:07:50.000000
7849,lebaran_campaign,Desktop,117.173.156.181,1973-12-19T17:47:58.000000
4267,lebaran_campaign,Desktop,71.172.109.119,1990-10-04T16:39:50.000000
9296,natal_campaign,Desktop,209.66.128.213,1990-10-17T17:59:38.000000
6329,lebaran_campaign,Android,215.111.45.55,1974-04-30T06:49:07.000000
451,imlek_campaign,Android,89.156.59.32,1984-11-11T19:57:31.000000
7874,imlek_campaign,IOS,44.203.76.183,2004-04-24T09:56:28.000000
6107,imlek_campaign,IOS,203.22.134.102,1977-06-20T02:01:15.000000
287,natal_campaign,Desktop,135.100.57.245,1974-10-13T00:06:13.000000
3462,lebaran_campaign,IOS,74.203.175.180,2014-11-21T04:38:29.000000
4400,lebaran_campaign,Desktop,53.2.161.17,2006-03-10T17:17:48.000000
2861,imlek_campaign,IOS,37.176.124.146,2001-02-16T11:54:07.000000
7760,imlek_campaign,Desktop,86.7.184.182,2014-03-12T01:13:45.000000
1783,imlek_campaign,IOS,3.174.30.146,1976-12-26T22:49:47.000000
3105,natal_campaign,IOS,99.208.31.18,2019-06-21T18:30:16.000000
4361,lebaran_campaign,Desktop,154.206.59.74,2019-11-15T04:34:41.000000
9926,natal_campaign,Desktop,208.25.132.12,1981-01-02T21:05:50.000000
2546,natal_campaign,Desktop,130.47.240.79,1981-05-10T14:31:06.000000
4825,lebaran_campaign,Android,140.208.177.144,1974-04-23T01:09:38.000000
2183,imlek_campaign,Android,75.238.226.11,1979-07-08T02:20:17.000000
9727,imlek_campaign,IOS,210.224.11.56,1990-02-01T09:07:41.000000
8358,natal_campaign,IOS,14.193.99.20,2007-05-23T08:48:51.000000
7768,imlek_campaign,Desktop,44.10.52.24,2003-08-29T21:49:55.000000
6518,imlek_campaign,IOS,84.208.20.63,2016-10-16T07:33:05.000000
8826,lebaran_campaign,IOS,82.133.241.72,2009-12-06T11:40:35.000000
6548,lebaran_campaign,Android,37.237.105.195,2023-09-23T16:33:26.000000
1934,natal_campaign,Desktop,170.106.103.171,1978-09-02T20:41:27.000000
3988,lebaran_campaign,Android,120.67.181.38,2014-04-17T00:21:10.000000
919,natal_campaign,IOS,147.214.253.104,1982-01-17T10:39:59.000000
7632,lebaran_campaign,IOS,143.219.146.53,2015-10-09T07:11:00.000000
7076,imlek_campaign,IOS,49.174.170.39,2019-06-17T18:51:44.000000
5909,imlek_campaign,Desktop,142.32.194.28,1992-09-22T04:21:11.000000
1154,natal_campaign,Desktop,213.113.99.27,2003-12-06T23:11:33.000000
5056,natal_campaign,Desktop,13.208.105.224,1981-10-12T22:17:19.000000
2743,natal_campaign,IOS,86.219.8.254,1997-10-06T04:21:28.000000
3126,lebaran_campaign,Desktop,100.154.84.117,1996-02-28T10:32:58.000000
6007,lebaran_campaign,Desktop,213.141.23.212,1992-08-27T10:44:27.000000
6443,imlek_campaign,Android,77.54.199.49,1973-11-03T11:19:39.000000
7327,natal_campaign,Android,74.199.212.254,1989-09-07T10:25:26.000000
9984,natal_campaign,Desktop,195.179.18.232,1998-01-19T00:23:20.000000
4814,lebaran_campaign,Desktop,17.152.114.123,1992-08-08T00:59:36.000000
9513,imlek_campaign,Android,82.29.195.187,1982-04-22T15:52:30.000000
4385,imlek_campaign,Android,118.210.198.169,2019-06-18T16:02:00.000000
4105,imlek_campaign,Android,86.155.84.147,2007-11-26T01:44:18.000000
7146,lebaran_campaign,Desktop,192.145.49.250,1975-06-29T23:22:54.000000
4433,natal_campaign,IOS,177.135.4.33,1979-08-26T19:34:04.000000
5610,natal_campaign,IOS,47.136.92.233,1989-01-28T12:22:21.000000
8813,imlek_campaign,Desktop,151.133.135.187,1994-07-20T16:48:02.000000
8309,lebaran_campaign,IOS,185.204.166.252,2006-05-13T20:27:36.000000
4144,imlek_campaign,Android,72.110.193.23,1986-04-20T20:21:21.000000
6527,natal_campaign,IOS,172.7.110.57,2020-10-13T14:53:31.000000
9847,natal_campaign,Android,118.46.163.146,2012-06-27T03:37:04.000000
9106,imlek_campaign,IOS,147.127.167.130,2009-10-12T02:00:01.000000
9795,lebaran_campaign,Desktop,206.206.249.64,2020-08-10T20:02:03.000000
4739,natal_campaign,IOS,70.236.208.146,2021-10-04T13:32:48.000000
6532,natal_campaign,Android,83.225.201.218,2007-09-08T13:07:30.000000
7646,lebaran_campaign,Desktop,76.61.77.215,2010-11-25T20:19:31.000000
709,lebaran_campaign,Desktop,78.181.133.81,2019-05-12T05:50:49.000000
4187,natal_campaign,IOS,107.14.135.42,1999-09-09T14:17:57.000000
571,lebaran_campaign,Android,201.245.149.59,1972-10-12T03:04:00.000000
8601,natal_campaign,IOS,63.102.32.207,2005-08-23T02:39:11.000000
2007,imlek_campaign,Android,16.248.31.97,1985-08-26T06:50:01.000000
5713,natal_campaign,IOS,202.42.108.175,2004-04-18T22:03:20.000000
27,lebaran_campaign,Desktop,17.230.183.220,2002-11-07T04:12:11.000000
3757,natal_campaign,Android,68.206.5.232,1996-06-27T08:58:20.000000
6475,imlek_campaign,IOS,161.74.90.154,2015-09-20T12:59:35.000000
2935,imlek_campaign,Android,197.48.151.127,2022-04-02T07:10:54.000000
6983,lebaran_campaign,Desktop,56.95.124.116,2021-02-28T21:19:40.000000
9471,natal_campaign,IOS,98.127.186.171,1991-06-11T07:35:51.000000
5325,lebaran_campaign,IOS,19.98.66.53,1994-04-23T03:40:13.000000
8928,imlek_campaign,Android,131.166.130.106,1994-11-06T09:20:15.000000
3028,lebaran_campaign,IOS,57.186.23.46,1995-12-24T23:44:59.000000
2515,natal_campaign,Android,68.130.50.174,1980-07-25T11:42:35.000000
6246,imlek_campaign,Android,112.29.74.168,2015-09-16T04:31:52.000000
5936,natal_campaign,IOS,191.95.218.186,2019-02-08T23:37:10.000000
6646,natal_campaign,Android,222.220.48.39,2008-08-25T23:14:46.000000
2051,imlek_campaign,Desktop,126.207.208.162,2000-08-28T07:36:46.000000
2611,lebaran_campaign,Android,63.185.185.232,1988-08-10T07:03:39.000000
9951,natal_campaign,Android,78.82.168.201,2021-08-26T21:23:44.000000
858,lebaran_campaign,IOS,105.144.28.80,1977-02-03T12:53:17.000000
649,imlek_campaign,Android,183.125.109.247,1991-04-23T19:21:53.000000
7486,natal_campaign,IOS,93.81.148.36,2020-09-16T22:55:06.000000
4564,lebaran_campaign,Android,131.118.230.124,1974-10-28T23:04:14.000000
9564,natal_campaign,Android,22.57.6.65,2020-04-23T11:34:45.000000
642,imlek_campaign,Android,135.148.118.210,1995-02-02T15:58:40.000000
6006,imlek_campaign,Android,25.34.20.199,1972-07-09T12:38:50.000000
6210,lebaran_campaign,IOS,107.208.89.192,1972-03-07T23:18:01.000000
1239,natal_campaign,Desktop,10.2.154.251,1982-11-25T07:06:12.000000
6189,imlek_campaign,IOS,131.234.14.162,1986-05-26T04:57:53.000000
2706,imlek_campaign,Android,109.161.109.110,2015-11-29T21:58:53.000000
1438,lebaran_campaign,IOS,143.161.167.40,1985-04-04T00:09:36.000000
7055,natal_campaign,Android,67.99.225.185,2007-07-11T00:35:16.000000
2050,imlek_campaign,Android,147.88.165.75,1981-11-26T06:48:00.000000
991,natal_campaign,IOS,214.17.24.219,1994-12-18T12:48:08.000000
8409,natal_campaign,Desktop,128.125.191.17,1972-06-02T07:50:26.000000
9384,natal_campaign,Android,211.36.7.39,1983-09-10T06:56:48.000000
4265,lebaran_campaign,Desktop,146.97.189.92,1970-12-14T12:01:09.000000
3689,lebaran_campaign,IOS,88.144.37.225,1996-11-22T02:51:24.000000
2930,lebaran_campaign,Desktop,141.200.24.241,1994-05-04T05:54:08.000000
6249,imlek_campaign,Desktop,59.27.209.75,1991-01-30T17:37:52.000000
3492,lebaran_campaign,IOS,159.86.62.211,2009-05-10T21:35:12.000000
9784,lebaran_campaign,Android,138.4.125.165,2013-08-13T01:15:03.000000
4743,imlek_campaign,Desktop,113.235.86.54,2018-09-17T15:46:25.000000
8111,lebaran_campaign,Android,162.19.203.223,2011-10-30T19:25:24.000000
6042,natal_campaign,Desktop,111.183.11.215,1999-02-05T11:09:32.000000
8860,natal_campaign,Desktop,63.156.20.151,1986-11-30T06:01:41.000000
1160,natal_campaign,Desktop,13.187.45.3,1998-10-27T09:22:51.000000
6294,natal_campaign,Android,117.113.149.85,1977-12-28T08:00:14.000000
3762,imlek_campaign,Android,185.18.197.213,1975-10-08T07:49:01.000000
6878,natal_campaign,Android,170.157.208.252,1983-12-08T18:47:40.000000
8951,imlek_campaign,Android,130.54.171.171,1973-12-19T17:52:21.000000
5747,imlek_campaign,Desktop,223.75.219.36,1970-08-28T21:52:12.000000
1424,natal_campaign,Desktop,47.104.23.149,1988-04-07T10:10:33.000000
4651,lebaran_campaign,Desktop,199.183.232.76,1994-03-26T17:52:43.000000
609,lebaran_campaign,Desktop,27.89.223.64,1973-04-03T13:22:47.000000
9902,natal_campaign,Desktop,188.151.203.13,1990-09-25T03:34:22.000000
7485,imlek_campaign,Android,203.7.201.144,1980-04-25T05:23:33.000000
3886,imlek_campaign,Android,190.119.7.225,2004-07-05T13:21:04.000000
7276,imlek_campaign,IOS,54.37.153.66,2018-07-31T23:21:45.000000
1873,lebaran_campaign,IOS,119.106.158.152,1972-07-04T12:46:26.000000
8449,lebaran_campaign,Desktop,207.13.159.54,2021-08-06T03:06:29.000000
7990,natal_campaign,Android,218.158.252.118,1994-02-14T21:41:39.000000
9873,natal_campaign,Desktop,212.124.21.219,1978-06-04T09:59:48.000000
6852,imlek_campaign,Desktop,10.20.136.11,1981-07-16T03:56:54.000000
9628,natal_campaign,Desktop,46.9.176.57,1987-02-12T21:40:14.000000
3091,lebaran_campaign,Android,195.156.74.112,1970-06-24T15:52:29.000000
6758,natal_campaign,Android,200.15.66.183,1972-10-20T02:06:00.000000
849,imlek_campaign,Desktop,104.49.78.147,1977-08-19T00:46:00.000000
7981,lebaran_campaign,Android,115.0.208.154,1987-12-11T07:59:41.000000
3125,imlek_campaign,Android,75.70.116.195,1990-08-20T02:03:19.000000
4853,natal_campaign,Desktop,1.58.28.65,2001-05-23T22:10:31.000000
4005,natal_campaign,Android,147.206.131.141,2020-07-16T12:17:01.000000
5407,imlek_campaign,Android,138.245.197.254,2023-06-16T11:53:31.000000
3247,imlek_campaign,Android,196.91.128.41,2002-09-11T08:06:28.000000
1478,imlek_campaign,Android,221.76.151.241,1995-12-18T03:11:42.000000
411,imlek_campaign,Desktop,168.150.114.63,2017-12-18T01:15:48.000000
8385,imlek_campaign,Desktop,109.123.96.6,2013-03-16T23:44:21.000000
116,imlek_campaign,IOS,216.244.174.123,1980-05-04T16:24:52.000000
8744,lebaran_campaign,IOS,209.149.103.237,1989-06-11T16:47:54.000000
8829,natal_campaign,Desktop,98.99.108.100,2023-05-23T20:23:32.000000
6931,natal_campaign,Desktop,130.101.163.13,1998-12-17T04:08:59.000000
2579,lebaran_campaign,IOS,78.29.196.79,2013-08-21T10:14:10.000000
8343,imlek_campaign,Android,59.104.253.92,2011-08-09T02:38:49.000000
8263,natal_campaign,Desktop,6.91.252.93,2011-04-04T11:47:48.000000
2589,lebaran_campaign,Android,134.95.190.94,1997-08-07T15:37:09.000000
6279,lebaran_campaign,Android,48.176.150.21,1995-01-26T23:03:25.000000
5053,imlek_campaign,IOS,1.89.101.115,2020-01-08T14:02:59.000000
1567,lebaran_campaign,Desktop,155.243.208.194,1975-05-16T20:18:51.000000
5740,lebaran_campaign,Android,40.24.62.143,1983-01-02T21:39:19.000000
1294,imlek_campaign,Android,148.88.16.16,2008-12-28T15:12:06.000000
5623,imlek_campaign,IOS,22.189.230.69,1999-03-13T05:57:05.000000
2558,lebaran_campaign,Android,20.28.100.215,2003-05-09T11:51:36.000000
5627,natal_campaign,Desktop,132.107.169.20,1993-05-16T03:56:05.000000
5452,lebaran_campaign,Android,179.33.184.147,2017-03-15T14:15:12.000000
7255,natal_campaign,Desktop,171.96.237.73,1976-04-05T02:48:41.000000
3143,natal_campaign,IOS,220.248.141.83,2016-02-28T16:49:54.000000
44,imlek_campaign,IOS,83.156.2.71,1977-02-17T03:43:21.000000
9888,natal_campaign,IOS,130.180.159.181,1988-07-12T23:01:32.000000
1120,imlek_campaign,IOS,128.226.157.85,2002-03-31T11:13:36.000000
6108,natal_campaign,Desktop,120.144.191.35,1999-06-15T18:10:05.000000
1512,natal_campaign,IOS,125.45.238.213,2010-03-02T05:37:48.000000
442,lebaran_campaign,Desktop,101.130.97.65,1973-02-28T11:57:26.000000
2967,lebaran_campaign,Desktop,99.25.230.36,2010-01-21T20:09:39.000000
447,lebaran_campaign,Android,113.72.11.249,2000-08-22T22:18:24.000000
8856,natal_campaign,Desktop,128.17.33.81,2011-01-13T04:28:49.000000
9516,natal_campaign,IOS,168.51.61.78,1976-05-07T19:54:37.000000
3989,imlek_campaign,IOS,208.172.226.141,1996-07-27T22:15:06.000000
5576,imlek_campaign,Android,96.148.176.86,1985-05-28T11:12:39.000000
9273,imlek_campaign,IOS,208.222.31.196,1971-02-26T12:18:58.000000
8653,lebaran_campaign,IOS,52.108.83.44,1974-09-28T08:30:52.000000
2173,natal_campaign,Android,137.166.104.24,2022-10-09T09:30:55.000000
4282,natal_campaign,Desktop,146.94.75.2,1994-03-27T07:19:53.000000
4142,lebaran_campaign,Android,83.106.67.186,2020-01-05T21:40:50.000000
3127,imlek_campaign,IOS,165.106.72.29,1992-01-14T12:47:47.000000
5889,natal_campaign,Desktop,4.107.158.215,2020-11-07T06:55:47.000000
8068,imlek_campaign,Android,100.26.55.174,1971-10-27T06:56:12.000000
9331,natal_campaign,Desktop,5.254.13.178,1981-12-12T11:46:17.000000
520,lebaran_campaign,Android,59.179.93.112,1989-04-01T05:04:10.000000
7604,imlek_campaign,IOS,87.199.205.43,1971-07-26T09:55:02.000000
6780,lebaran_campaign,Desktop,43.94.148.49,1988-07-11T08:34:01.000000
9227,lebaran_campaign,IOS,45.122.154.45,2006-08-26T01:25:08.000000
6049,imlek_campaign,Desktop,179.55.158.13,1976-03-21T03:39:36.000000
6350,imlek_campaign,Desktop,204.125.60.123,1992-08-28T04:21:35.000000
5694,imlek_campaign,Desktop,182.123.135.241,2022-06-27T20:08:20.000000
3278,natal_campaign,Desktop,162.37.125.51,1993-03-08T01:11:01.000000
9150,natal_campaign,IOS,41.107.132.201,2008-02-25T17:13:34.000000
7328,imlek_campaign,IOS,63.117.99.143,2005-09-28T15:21:22.000000
6208,imlek_campaign,IOS,150.122.16.87,1982-10-19T11:23:54.000000
7270,natal_campaign,Android,79.74.18.143,2003-08-12T02:42:03.000000
9882,imlek_campaign,IOS,182.21.255.71,2013-04-16T19:15:21.000000
8738,lebaran_campaign,Desktop,137.108.229.73,1983-09-20T11:42:49.000000
9860,lebaran_campaign,IOS,168.85.92.2,1989-03-03T14:37:59.000000
7487,natal_campaign,Android,220.190.106.190,2006-01-24T10:25:09.000000
3138,natal_campaign,IOS,44.124.130.132,1995-11-30T11:07:27.000000
1418,natal_campaign,Desktop,174.153.116.137,2004-09-03T17:08:12.000000
5589,imlek_campaign,IOS,108.18.105.131,1998-05-26T10:34:37.000000
8920,natal_campaign,Desktop,125.212.64.216,1991-12-12T07:01:11.000000
15,natal_campaign,Desktop,31.219.201.233,1995-10-18T17:54:20.000000
3259,imlek_campaign,Android,23.222.215.174,1988-05-29T13:03:05.000000
2407,lebaran_campaign,IOS,69.192.193.255,2003-04-27T04:55:22.000000
3061,lebaran_campaign,Desktop,167.143.157.142,2001-06-03T20:28:17.000000
8610,lebaran_campaign,IOS,169.126.84.187,2022-08-24T06:42:14.000000
4026,natal_campaign,Desktop,171.160.238.90,1977-03-30T12:10:24.000000
9038,imlek_campaign,Desktop,167.172.159.221,1970-10-15T09:02:17.000000
1352,imlek_campaign,IOS,22.78.38.52,1985-03-22T20:13:38.000000
2470,lebaran_campaign,Desktop,53.24.190.253,1988-03-01T07:59:54.000000
5130,natal_campaign,Android,168.164.129.101,2009-09-29T09:19:21.000000
5777,imlek_campaign,Android,204.113.126.250,1989-10-19T18:07:45.000000
685,lebaran_campaign,IOS,170.209.94.48,2003-09-15T11:46:03.000000
324,lebaran_campaign,Desktop,63.46.163.74,1988-01-12T23:45:09.000000
8630,lebaran_campaign,IOS,214.53.62.163,1990-12-23T06:43:07.000000
3877,natal_campaign,Android,125.146.168.210,1996-04-09T07:14:31.000000
2180,natal_campaign,IOS,130.51.135.50,1989-11-04T04:03:30.000000
9492,natal_campaign,Android,134.177.43.4,2009-03-13T16:49:20.000000
9226,lebaran_campaign,Desktop,122.238.152.217,1979-03-19T22:58:16.000000
6640,imlek_campaign,Android,163.96.168.177,2009-05-03T06:38:53.000000
6753,lebaran_campaign,IOS,168.36.48.250,1979-03-02T02:52:26.000000
8994,natal_campaign,IOS,111.28.243.148,1987-02-10T09:04:10.000000
4058,lebaran_campaign,IOS,168.7.41.5,1982-06-24T10:42:16.000000
1984,imlek_campaign,Desktop,55.132.175.117,1992-11-01T21:56:42.000000
9188,natal_campaign,Android,123.155.72.225,2019-04-30T00:23:38.000000
7855,lebaran_campaign,IOS,31.157.106.121,2010-01-08T22:38:15.000000
3986,lebaran_campaign,Android,41.218.165.31,2001-03-14T13:26:03.000000
6408,imlek_campaign,Android,115.186.52.91,1982-09-14T22:10:58.000000
9972,natal_campaign,Android,192.191.16.205,2005-04-15T22:38:46.000000
1523,natal_campaign,Android,38.7.84.5,1993-10-08T15:52:06.000000
7883,natal_campaign,IOS,161.47.101.31,1971-06-26T00:19:54.000000
2078,natal_campaign,Desktop,40.177.2.214,1975-07-05T11:00:24.000000
971,lebaran_campaign,Android,98.4.144.34,2008-04-17T23:01:02.000000
3964,imlek_campaign,Desktop,193.181.40.242,1982-02-24T09:10:01.000000
1266,natal_campaign,Desktop,63.217.251.25,2015-11-24T06:41:44.000000
6177,imlek_campaign,Desktop,195.9.91.150,1990-12-13T02:36:51.000000
5061,natal_campaign,Android,176.38.239.45,1980-01-29T19:46:14.000000
3983,natal_campaign,IOS,92.142.29.96,2011-12-03T23:45:51.000000
8712,natal_campaign,IOS,178.213.119.20,1996-09-21T12:23:16.000000
2944,imlek_campaign,Android,157.5.196.173,1981-07-24T17:35:08.000000
4432,lebaran_campaign,Android,15.236.200.153,2011-07-16T04:51:02.000000
904,lebaran_campaign,Desktop,66.105.81.48,1973-04-01T06:14:26.000000
9404,natal_campaign,IOS,52.185.154.174,2021-02-18T03:38:18.000000
5773,natal_campaign,IOS,98.67.201.70,2017-08-26T13:26:38.000000
2402,natal_campaign,Android,143.235.50.159,2001-03-19T05:33:51.000000
5946,imlek_campaign,IOS,180.255.203.18,2011-05-23T15:27:36.000000
7133,natal_campaign,Android,204.158.130.162,1974-01-14T03:25:08.000000
6901,lebaran_campaign,Desktop,150.97.9.37,2023-03-14T22:38:13.000000
3412,lebaran_campaign,Desktop,87.85.144.42,2001-07-30T17:29:34.000000
7494,imlek_campaign,Android,46.223.191.114,2012-05-07T02:54:14.000000
4642,imlek_campaign,Desktop,210.224.171.87,1984-06-28T15:01:45.000000
3491,natal_campaign,IOS,196.124.245.107,2009-06-12T17:08:59.000000
2457,lebaran_campaign,Android,168.113.213.7,2018-07-07T02:41:54.000000
3980,lebaran_campaign,Android,170.178.47.240,2013-05-08T09:03:51.000000
7735,lebaran_campaign,Desktop,138.126.197.58,1976-09-27T07:42:41.000000
8455,natal_campaign,IOS,215.154.85.87,2012-10-04T08:05:32.000000
1833,imlek_campaign,Android,184.40.180.128,1993-11-30T01:06:08.000000
757,natal_campaign,IOS,119.252.5.54,1970-03-25T07:53:25.000000
7431,natal_campaign,IOS,133.250.115.173,1980-05-09T23:11:18.000000
2155,imlek_campaign,Desktop,37.1.138.147,1986-05-13T07:15:04.000000
9941,natal_campaign,Android,72.14.205.244,1979-01-29T03:03:42.000000
5810,lebaran_campaign,Android,63.191.62.72,2014-03-16T17:41:28.000000
5815,lebaran_campaign,IOS,107.50.110.58,2016-09-27T15:45:39.000000
4556,lebaran_campaign,Desktop,183.67.140.240,2010-03-19T20:09:05.000000
5442,lebaran_campaign,Desktop,139.121.217.204,1998-08-12T14:10:47.000000
111,imlek_campaign,IOS,210.39.185.107,2014-03-31T16:05:44.000000
8082,lebaran_campaign,Android,90.243.250.174,2017-09-17T21:27:31.000000
3390,natal_campaign,IOS,160.185.124.39,2023-09-14T00:06:32.000000
6970,lebaran_campaign,Android,49.233.45.65,2015-05-08T23:29:03.000000
533,lebaran_campaign,IOS,213.129.35.165,1972-01-01T08:28:45.000000
699,lebaran_campaign,IOS,153.239.57.116,2006-04-10T06:28:57.000000
9831,imlek_campaign,Android,216.169.99.206,2001-07-28T09:34:31.000000
7034,imlek_campaign,Android,7.160.33.58,1992-03-12T17:32:23.000000
9358,lebaran_campaign,Android,135.123.184.181,2022-08-02T19:21:44.000000
401,imlek_campaign,Desktop,131.199.133.59,1986-10-15T00:24:08.000000
9351,natal_campaign,Android,72.45.127.12,1977-05-05T10:45:28.000000
9683,natal_campaign,Desktop,146.69.177.158,2017-12-21T19:09:23.000000
8308,natal_campaign,IOS,81.181.234.213,2010-05-25T19:03:33.000000
8400,imlek_campaign,IOS,114.119.147.254,2005-06-22T10:52:37.000000
2372,lebaran_campaign,IOS,208.157.5.151,1974-12-29T06:57:42.000000
1716,imlek_campaign,Desktop,24.31.88.212,1992-11-17T23:32:26.000000
2399,lebaran_campaign,IOS,43.42.93.175,1993-11-20T11:43:52.000000
8158,natal_campaign,IOS,50.249.177.197,1993-10-17T18:06:06.000000
2187,imlek_campaign,IOS,156.34.8.248,1975-08-08T18:48:34.000000
4056,natal_campaign,Desktop,132.40.70.186,2018-08-08T00:31:56.000000
347,imlek_campaign,Android,8.180.171.95,1974-06-14T10:44:47.000000
5752,natal_campaign,Desktop,122.154.199.254,2017-08-13T12:25:06.000000
2302,lebaran_campaign,Android,210.200.192.4,1993-06-18T03:20:48.000000
7688,natal_campaign,Android,132.76.161.111,1996-05-25T09:19:36.000000
4027,natal_campaign,Desktop,130.181.193.189,1976-12-29T08:26:33.000000
2307,natal_campaign,IOS,146.126.43.183,2004-09-13T04:48:36.000000
8402,lebaran_campaign,IOS,183.250.142.134,1971-04-04T16:01:52.000000
1032,imlek_campaign,Android,130.125.240.15,1988-04-10T03:16:16.000000
7346,lebaran_campaign,Android,73.233.27.124,1990-01-15T22:15:34.000000
5203,natal_campaign,IOS,211.29.250.140,2007-06-19T21:49:18.000000
680,lebaran_campaign,Android,217.21.223.98,1985-10-28T22:27:10.000000
4780,natal_campaign,Android,149.186.189.100,1981-03-20T12:40:59.000000
778,imlek_campaign,Desktop,207.126.17.79,1987-11-13T22:36:24.000000
4264,lebaran_campaign,Android,82.186.48.67,2017-09-19T08:52:38.000000
9594,lebaran_campaign,Desktop,192.86.103.144,2016-06-11T01:24:36.000000
3461,imlek_campaign,Desktop,90.149.10.74,1970-12-04T19:00:14.000000
1225,lebaran_campaign,Android,43.111.168.190,1988-05-24T11:14:42.000000
5300,natal_campaign,Android,139.183.238.18,2006-11-05T17:39:31.000000
328,lebaran_campaign,Desktop,183.207.23.194,2004-05-19T15:34:11.000000
9618,imlek_campaign,Desktop,61.106.199.118,2009-11-06T00:35:10.000000
3263,natal_campaign,Android,38.167.165.103,2014-07-28T11:33:00.000000
5174,natal_campaign,Desktop,47.36.108.95,1994-11-22T05:57:09.000000
8349,lebaran_campaign,Desktop,35.139.96.219,2003-06-13T09:28:46.000000
806,lebaran_campaign,Desktop,129.13.119.37,1993-07-18T01:51:37.000000
6948,natal_campaign,Android,134.54.106.109,1999-05-05T22:24:32.000000
4229,imlek_campaign,Android,31.180.112.34,1998-09-21T07:04:51.000000
5422,natal_campaign,Android,76.15.105.133,2000-12-21T00:57:41.000000
1738,lebaran_campaign,IOS,140.173.22.62,2007-08-31T06:29:35.000000
4660,imlek_campaign,Desktop,43.183.159.134,2021-08-15T15:02:59.000000
7926,lebaran_campaign,Android,128.144.169.98,1983-04-11T11:27:32.000000
512,lebaran_campaign,IOS,79.15.39.81,1986-07-07T02:29:42.000000
7535,lebaran_campaign,Android,213.191.105.173,2021-06-30T18:22:06.000000
9980,imlek_campaign,Desktop,186.105.204.49,2016-02-19T14:03:06.000000
7544,lebaran_campaign,Android,90.38.253.97,2020-08-18T06:22:48.000000
7564,natal_campaign,Desktop,83.240.106.166,1973-11-09T20:26:30.000000
9502,lebaran_campaign,Desktop,155.218.116.236,2000-09-29T16:22:21.000000
9630,imlek_campaign,Desktop,173.167.36.51,2006-05-18T01:17:19.000000
5644,natal_campaign,Desktop,12.109.120.245,1974-12-31T22:38:39.000000
3753,natal_campaign,Desktop,166.32.75.177,1985-03-07T01:10:05.000000
2261,lebaran_campaign,Desktop,145.103.46.95,2014-09-18T00:57:11.000000
3113,natal_campaign,Android,210.25.99.248,2023-01-15T21:45:10.000000
5681,lebaran_campaign,Android,51.115.217.122,1980-05-22T01:36:05.000000
1647,imlek_campaign,Android,147.162.145.162,2000-11-08T15:48:40.000000
3203,imlek_campaign,IOS,187.41.146.131,1992-03-04T02:46:59.000000
7904,lebaran_campaign,Desktop,157.96.235.0,1984-12-25T03:40:15.000000
3803,natal_campaign,Android,157.79.218.251,1985-08-17T10:45:57.000000
74,imlek_campaign,IOS,18.143.184.131,1989-12-07T19:14:28.000000
4197,imlek_campaign,Desktop,217.138.234.162,2018-02-19T06:06:28.000000
1133,lebaran_campaign,Android,2.211.100.160,2008-05-16T18:13:49.000000
4927,imlek_campaign,Android,188.33.107.23,1976-06-17T05:49:29.000000
5131,natal_campaign,Android,203.0.93.182,1994-09-12T11:04:26.000000
3922,imlek_campaign,Android,44.120.78.190,2011-05-13T06:54:12.000000
6782,natal_campaign,Android,148.132.145.120,2008-02-04T02:28:34.000000
8383,lebaran_campaign,Android,53.194.170.73,2009-02-17T18:13:23.000000
3801,natal_campaign,Android,155.164.237.146,2008-08-19T09:54:24.000000
9851,lebaran_campaign,IOS,90.214.97.44,1984-03-14T22:06:18.000000
8445,imlek_campaign,Android,210.87.100.219,2013-10-10T10:20:23.000000
5140,lebaran_campaign,Desktop,160.252.226.186,1980-02-01T05:06:55.000000
5065,imlek_campaign,Android,147.115.212.231,2010-08-23T22:54:55.000000
9409,imlek_campaign,Desktop,211.225.170.254,2016-01-03T23:18:10.000000
8874,natal_campaign,Android,3.43.141.10,1976-03-16T06:47:25.000000
5525,lebaran_campaign,IOS,76.242.107.47,1975-01-05T11:04:35.000000
7692,imlek_campaign,IOS,106.208.126.206,2021-12-25T08:12:27.000000
4681,lebaran_campaign,IOS,190.200.72.147,1994-02-24T10:16:03.000000
2264,imlek_campaign,IOS,50.125.157.236,2006-11-25T10:05:01.000000
4522,lebaran_campaign,Desktop,104.16.5.213,2011-01-09T18:41:19.000000
4013,imlek_campaign,IOS,59.77.68.111,1992-07-28T00:24:34.000000
2473,lebaran_campaign,IOS,179.146.192.132,2016-03-16T17:07:21.000000
1899,lebaran_campaign,Desktop,81.179.96.58,1994-10-20T06:51:09.000000
7635,natal_campaign,Android,103.212.142.115,2014-11-06T06:28:25.000000
7345,imlek_campaign,IOS,8.191.60.4,2002-11-18T13:39:48.000000
6539,lebaran_campaign,Android,105.86.4.137,2019-09-28T08:22:32.000000
6891,lebaran_campaign,Android,62.71.99.251,2003-10-13T23:06:24.000000
5788,lebaran_campaign,Android,203.143.7.20,2017-11-27T17:18:38.000000
6733,imlek_campaign,Desktop,67.113.134.134,2006-10-25T12:43:22.000000
5518,lebaran_campaign,IOS,142.173.81.9,2016-07-23T19:19:03.000000
6366,lebaran_campaign,Android,223.104.60.70,2006-07-31T05:08:14.000000
4169,lebaran_campaign,IOS,132.162.72.14,1974-03-20T06:23:43.000000
8311,imlek_campaign,IOS,220.192.229.95,1971-08-01T10:17:56.000000
1513,imlek_campaign,Android,169.93.210.220,1977-01-25T07:01:13.000000
159,imlek_campaign,Android,147.119.144.70,1997-01-08T19:12:12.000000
7971,imlek_campaign,Android,78.233.133.207,1976-10-07T05:57:16.000000
2597,lebaran_campaign,Android,36.182.22.2,2002-11-19T12:10:02.000000
2175,lebaran_campaign,IOS,137.66.245.52,2003-03-02T13:40:04.000000
7440,imlek_campaign,IOS,197.90.102.131,2022-07-12T22:53:49.000000
8084,imlek_campaign,IOS,183.27.141.66,1980-01-02T08:11:37.000000
6133,lebaran_campaign,Android,64.21.145.150,1997-04-18T09:15:11.000000
2465,lebaran_campaign,Android,189.54.118.168,1996-12-10T16:25:59.000000
6791,lebaran_campaign,Android,128.128.207.49,1996-07-23T16:38:25.000000
1766,imlek_campaign,IOS,26.58.129.0,1982-10-30T11:38:54.000000
1387,lebaran_campaign,Desktop,148.174.42.192,1993-10-29T09:55:29.000000
8930,natal_campaign,Desktop,93.37.152.241,2018-04-05T09:14:08.000000
2221,lebaran_campaign,IOS,136.9.164.60,2020-05-01T14:25:05.000000
2880,lebaran_campaign,Desktop,79.65.141.143,1995-07-14T01:43:10.000000
6231,lebaran_campaign,IOS,154.38.173.180,2018-05-22T03:05:11.000000
7303,natal_campaign,IOS,191.99.248.181,1973-08-21T22:36:40.000000
7609,imlek_campaign,IOS,56.12.82.193,2014-02-28T11:59:57.000000
1946,lebaran_campaign,IOS,134.59.165.22,2017-12-06T06:47:46.000000
3240,natal_campaign,IOS,80.217.56.141,1996-10-25T07:32:35.000000
